x,y,z
-3.9261415592403526,-0.2032615138586351,-0.4466336465761964
3.1179127273809097,2.283995377055282,-2.861168821905374
-1.5389758056600087,2.2038453363958848,-3.1193052787447586
-3.140516149862067,-1.3112545850597526,4.986915244887857
-0.1320706882914635,2.687607862975609,-0.7611941080492652
-0.955167524123639,0.8668507180015439,-0.4833442328470374
2.730016903540956,4.234501687888523,-3.5746766672441144
4.523398333292029,-4.324764516948624,2.1303530455079454
1.3421251803388579,0.35127437735050204,-1.8672987941399999
4.191594377591922,-4.023366774264112,3.9756904512098465
-3.759063819040034,-0.9403778152488362,3.7548865957635726
4.3579383315212326,4.812449861417603,4.323019477346715
-0.9884912629971883,-4.497091707107236,0.5860413805248861
-1.9311909922043755,2.5498487954834665,1.768796231677169
-4.448017956711427,3.8862153854731982,-3.041768008888762
-2.7446664882620473,4.69740682268969,-1.0028757407052566
-2.670157948945777,-4.739151716564506,4.503637709597259
1.5417717670364297,3.9014015937220474,-2.161240150613657
2.826814704682282,-0.14320474690220486,-4.658494949830373
1.2256946948460818,-0.9972044765786432,-3.322107848348421
2.4397427336235955,1.4497934233093899,0.44212653504453137
-1.7520452330110716,1.7645281774303605,4.89679741595473
2.220391015598935,-2.458109562914909,4.534074705304022
-4.882516279567196,-4.604836968370039,1.921027990340364
-0.7380338898481487,2.2310453072363483,3.9949102352699732
-0.3823296030234191,-4.241393096977713,-0.8675402479649277
-0.45668567763907486,2.468788747828045,-0.05490672206657887
1.5974417149629971,1.1985696196302484,-2.138083359300574
2.728998239022645,-0.9549820229867745,4.782823524870164
1.0955694454830134,1.967697409695461,-2.825065290609067
1.0553199879259756,1.0836921711215162,2.446402991819971
3.77786724707477,-0.16001806891048265,3.727204410725463
-4.891237340344078,0.33215472166290994,0.5236447355194507
-2.0767804149539035,3.3190583506521207,3.706059686844693
-2.185224972002564,-1.611381600284294,-2.415417605584955
-0.8062939042282666,3.6531357525705843,4.189487043127361
3.1702328141759413,0.13113910560821562,-4.867601442126542
-0.6243127988931398,-0.7694941328845131,0.3577955518951681
-2.292167219338075,4.873005507692085,-4.537522165235966
-1.1152780636945616,4.738040726367572,-4.766062818050553
-0.938245063613464,0.004246575121268137,-0.148830141884444
-2.4934691538320477,2.3739015050705268,-0.8891333889297526
-3.8486962087354937,1.7485653803827175,1.4440802651090854
2.5815609214273003,-0.3725629869474947,-1.3793688174518781
2.6390823129458134,1.5056203691033119,-2.4202733532375187
-0.6715225967399228,-3.004860804349052,3.7974104796735695
-4.943422098305366,0.14349810777041228,-3.341950258493841
-4.223895411317425,-0.9550231375214651,4.698919613290633
4.104779836062848,-0.8663588751158464,0.7906717362081928
-0.6941982067057504,-1.4948910742350474,-3.4507129242916976
-0.836562334734408,-3.840898949904216,2.859247730478539
4.502696482596328,0.7892400152530481,-3.2786782272729753
-0.743581556858345,-0.9619736386376978,-2.893219672917575
-0.21233689104702602,1.8130550229341988,4.845492575057765
-2.484548889443725,-2.3741901993143566,4.692105973221651
-4.1539729924648325,-0.44903866275148907,-0.0004655378689175649
0.7634743854814658,3.280474667449141,4.463324343191175
-3.063159903251862,-0.9907785486014609,0.10716621591180608
-4.9802968059991475,0.8122136894203367,-4.999478246879464
3.531218488737622,1.775699720773681,4.00330485463113
-1.934089431297048,-0.36806309802300685,-2.1595778735602
-4.251651085628368,1.485723923581613,2.6538863574748923
0.5542176868652016,0.2570734576645384,1.0622935798770161
3.0246318215559462,-2.65931155558482,-4.6255613152257045
0.8246537037131061,0.32100204104424357,0.9351398385587029
-2.800163103698192,0.48200350110772927,1.2909789867123012
2.58710927811149,-2.925456914690158,2.84622603683391
4.417030227741096,-2.13336943898483,-2.5885470564153823
-1.2127191511094573,-3.151647967844653,-3.265872822248922
-4.934044914202125,3.7950462172833674,-0.12659674464198645
-1.400640618068505,0.7876781647966684,-2.101256609713408
1.1106632324424464,-2.9371693865469095,1.3500702289934434
1.1865509750641436,0.538060001954018,-4.862435517639177
0.6915573374303543,-2.3184993030813295,-1.2326720675322642
-4.886906917979598,0.4267814782522228,0.3992123215611034
3.3298462732145797,-2.954690356417661,2.118104312638911
-1.873963877746494,-1.050291211964376,-1.6495623052625685
-4.715185403192777,1.3676115994872262,1.224839207478614
-0.03958974053504072,3.6527051868596274,4.784931002267353
0.21842787991543844,1.2631889842222233,-1.9058628214383533
0.26068877612128727,1.70893644182192,-4.387023983452158
2.9113128563397597,-4.818657664324269,-4.888115990442162
1.7142457562273758,-2.1434492390388504,-3.7839284432473663
1.2106340149980106,-3.1158000596702484,3.616086357755803
1.8272602004290261,2.1891285525781594,0.10338554160824209
2.943361714442366,0.8087092643115321,-3.0312638116241954
-2.7350852172760334,0.4069841444133502,0.6189958158280415
3.2352692494282405,4.492094702312935,-2.8924266401637713
-4.681406509220177,2.325799731596528,3.9100727910029462
-2.729075891733037,4.795728086641869,-1.2186815665985873
0.5090907669511466,2.6897510821754054,-2.8451225375169975
0.23870930474537833,-1.532666265182836,-2.412472834466912
1.1862273669962953,0.2019289983263146,1.9541267335639922
3.2233863941597267,-1.8648544670172198,-2.673940437289364
-2.9717464763919854,2.4254238022652714,-1.8925566268310812
4.669826560945955,-0.3748309066676212,2.2545841389903227
-4.212524434166381,2.2876152421499087,0.14220614480820615
0.7898176496351716,-0.6629820909299342,-4.787393423197287
-3.1579726646349906,-4.457339382226445,3.7845695788724694
4.0332585094391415,1.3910192208993788,4.5033254561387395
-2.9722843993454706,4.367274866225426,0.618950299917004
4.9266810151455225,-4.138095093035289,-2.04754838765816
0.6236826609442767,1.1478920810858693,-4.315719216731308
-4.5959883961954855,-2.077574963516786,4.171074294405257
-4.6671033725934645,3.8637436128106213,-2.633409311137461
4.5692445029613555,-1.3442333470387835,4.451562016166756
-2.68119321890771,4.621616409116674,-4.665061573840883
-1.8213105262415583,-2.4899454310555935,3.9144480250834626
4.5852608238208905,-4.259604596126331,-1.936084444624547
2.999251067755776,4.21552961081392,4.461782758829232
-2.3735817268207757,-4.961018411439219,-4.329506017791848
0.5943091621620056,0.6910549595725302,1.6608295955471197
3.0132637514256064,-3.2016171793102455,-0.3780061594308677
-3.2138228493063368,0.8949874914255576,4.623754504562267
-1.4463585119984126,-2.025589626381662,3.4283253584138045
0.41446818039707267,-2.369903524400007,-1.4717402549216327
0.5467710149539151,-2.474576525618919,-3.1114779527544068
-4.368955940869937,-3.5606033277263807,-3.1720101707375905
0.5650966852131214,-0.548950223203998,-2.6695779065380068
1.7135855320313453,2.5845075164153535,1.3092142230893655
-2.2054448890753173,0.20254410220688435,3.6918583616245257
-2.4908294093977723,2.2451129974300166,2.711288075005882
1.2476134887068557,-2.7786762356087866,-3.6241357262897367
-3.9018318255160436,-3.964455037224753,-3.870490337652593
4.024709350375083,-1.4820690049018346,-1.869844665149337
-3.782802760097368,2.8526128093916174,2.596539685564262
-1.321014338977038,-0.16856110814739456,2.618680126219677
-0.807991420796573,-3.581712604985454,-0.7498271551626612
2.316812113572836,3.589751219081238,-3.338908430735106
-2.0734652562816827,-3.652577336940598,0.010930865576157522
0.6815044958225975,-1.48046139339582,3.0879952103162562
4.215107210020754,0.696959731782874,-2.188503637212321
4.177112877428076,-4.664029443130412,-0.257668325557888
-1.7754449799261138,-0.6370975134969825,3.63862122929193
1.6125749939887912,-0.9521556055345037,-1.313742718603467
-0.15506866733918656,-2.011264854672492,0.6875019341755442
0.481695130271536,-3.631768459965279,2.0150685633465617
3.1534424078159837,2.7546015331975804,-1.7193547315153013
-2.6425236665029486,-1.2871854851418085,0.22641982647523662
0.19108347164735306,4.578974952748961,-0.29163539336346656
2.3544956335439426,4.389159737921419,4.59104746661504
4.324950625406013,-4.361626073903816,4.535328533284503
2.8869108967300665,3.5196977927351227,-0.9130956402463317
0.5265714263295749,2.59100714921518,-0.22714915819811843
-1.8171694481854939,1.9753854716185462,0.2126325622234706
-4.18990196239326,-0.5453469428473534,-1.182676474699067
1.9912141797114717,-3.271869133671231,-1.6326462047277603
4.59447560673822,-2.1775463546966067,2.2255179645429246
-2.349721098153946,-4.241342224129121,-2.9846799002489077
2.7562183159393356,-3.2171649328935836,-0.6243260579341392
2.0630910284350126,0.7879642703221732,0.29245534651922256
0.9266806145628212,-2.0728337210208103,0.11386430509078771
-4.692497902319133,-3.627852443470796,-0.472229676813809
-2.4728858136563057,-1.9313276666108727,-2.0083298265432568
-4.058766741389154,3.5132000734340085,-4.930827137751566
-1.7178502943104021,-2.9437473505321785,-2.955763672054089
-4.1680019992386725,-1.3556462835505547,3.288047873755227
2.5981439362488867,0.34122173226569164,-1.3336418305015432
-2.8158180373797324,2.3500731001257282,2.4769788215609303
-0.716769243808983,2.742526814968649,-4.0653079695544925
4.446548210807576,-3.1018193417822983,2.182353679635823
4.7767908476112275,0.765814135632378,-3.4528329896695578
1.8822763554225697,-0.11265294819443916,4.606722746069146
0.43865538038935536,-4.687861287015881,1.9789275339461394
0.6165302300517777,2.626094992022866,0.60433015425067
4.182092716353139,4.630548273147571,-2.478861268702425
0.4430850435127791,-2.7862150823595897,-2.8758072439152595
4.196661291561995,2.2226646137144925,1.587274339565509
-3.5368085408791714,3.2919634823832276,-3.118228151070798
3.161084237239468,-0.20705637074859418,-3.3212772576997427
4.48071663622661,-4.165170858976834,-1.939122367731926
-2.9620416848483213,4.931616790465609,3.508616272536605
2.788108304033039,3.1818503432482697,0.8325792813214914
4.524099477139234,0.3149809206624017,3.9220672882402514
-4.706165877700265,-3.0503982291053076,2.5661088166007993
-1.991458472338862,-2.8002244719486633,4.418472622246812
-2.097512771942042,-0.36302519647896325,-4.813482828706183
-0.39530938985872144,0.6589422782957719,1.4146899879704202
1.6099159723533685,1.0835505105094736,4.21827345357284
1.0968484302972827,2.3632491923565926,-4.548375537523778
-3.9385968983475905,2.5275961606765707,4.290200412907751
-1.256759666185916,-1.2061459699871158,3.1481241702261897
-1.4255509633408092,2.1018366009533818,3.9099970818367815
0.8608081482340415,-3.911989296246059,-3.7970676241668624
-0.0652367049914222,2.394944277883039,-2.776722079340186
-3.62618238199623,-1.2640200461628357,-0.5528103570240432
4.118611068679881,-4.1841654899268494,3.578502050884854
3.806409325265033,0.6771027865638946,-0.08015958906498355
-4.608487401175262,0.14482778595018075,2.180022874088313
-0.6820434239059683,1.8429682749738934,-4.5778955451204215
0.031515511447560485,3.2148874175839595,-4.15453544339004
-0.13803441881476175,4.8426558884179585,-4.976266845319958
-4.922603528837905,3.6569096088025326,-3.266783834198611
-4.965290253480702,1.088925213447296,-2.8778438331848664
-0.6482050338545164,-4.8744605571637,-1.9663178465911613
3.781176299086109,0.5084704331696379,-4.552746458441897
3.6593239798164188,-3.617913478045147,-4.082261153755691
-0.5174703254944903,-1.6098037428952985,-0.05912345254392992
3.1500780704470603,0.17791529324459887,-4.644972412589191
-4.770157667132074,0.09997403311139941,-1.566697933878097
1.5679363349803879,3.8027792844879578,3.9201391952514903
0.2920489142157603,2.9345324664873065,3.135496241012044
1.7083848417045457,4.0557761035429145,-1.172735872581001
3.0035973114453167,-0.3708318710503997,4.9182003365125375
0.31186565354866946,-2.7209143102916156,2.885629104084053
2.4632530293323747,-0.8528427128561038,-3.192458989422345
-3.8424904372609427,-3.225122111336577,4.7918759036428344
-3.056020095872065,-2.7090370487267714,4.7059929097338244
-2.300410378475556,3.893911172681994,2.380358438813161
4.117933993001557,-4.540636692638217,-0.5594411242612116
-2.2017192761706483,-2.6529668863782927,-3.4644909071580985
3.067135419203117,0.9252809400107376,-0.6268794976529914
3.315418729696301,-4.944780926644028,2.9474171480007882
3.555895552723058,4.311782670036099,-0.9789024705480855
2.0313916005153745,-2.334503760625836,1.6564332529222927
-3.121192164875942,3.5515727634091494,4.388796002400007
-4.119222028603577,4.855018565804775,0.2874469006267386
1.812510075138686,-1.8684112999211733,-4.899700308948072
3.766900188229723,-3.88882830693729,-1.0829512699177144
4.093523814784344,3.779607196697155,-0.3583728737196985
-3.8508201544770007,2.996361563391252,-1.8470762931512708
-2.965993950418604,2.093720743237909,-1.8194001041832033
-4.2553365879473235,-4.996848938534226,-0.31806585379141517
-3.344459628120063,1.561586336577502,-2.053684168426504
-3.619605443656382,-0.024718378617563985,4.4268230732965534
-1.015169723988909,-3.31772714392606,3.795714348231904
3.19407473365089,-3.754813671024899,-4.334275463946145
4.895467086104983,-0.5396591349315116,-0.6262826018262917
-1.0688754242339549,-3.9723032966072047,-1.2798222008026405
-0.4200211779032168,-4.909239945290991,2.404882750576432
1.1864357331144983,2.0084280909834877,3.817485712613985
2.864666924142626,-1.2885915374006651,0.8525411871058441
4.738380126382145,-4.496160269651824,-3.0264471380316857
3.937009784582834,-2.046556872792756,-0.28311419070393207
2.3104458992020565,0.6398333106832244,2.0011645040909007
-1.2445380333929146,4.618604277303577,3.015084299221515
0.5418679363291066,1.4715134975935937,-1.2376882045509028
-0.800828135652873,-3.6705316093340956,-3.302812731338265
4.746378409450889,0.7701149873543169,3.715908883673899
1.2692799972904032,-1.6098563404311417,-1.9424857138015938
2.122954997716324,0.4310938963600517,-1.9059789585085376
1.4878989015005875,3.8779046938884516,-0.6725201919416612
-2.663516431823545,-0.47085705480373274,-3.701937543069559
-1.1116008403793232,1.3654319270334394,-2.0457084281717917
0.04960178709950647,0.18995620507396538,3.760960641846724
1.5232328969099216,4.197887422949815,-1.599875669702305
2.4805867151929046,3.513151255092076,-1.3983267875179939
4.506365683932961,-0.5790637308203799,-1.0955085215560878
1.2986800253773971,-3.124702268430364,-3.088993902689098
1.0311091601473956,-0.5763449285824009,-4.428082456802857
4.781236321516403,2.4272184916980164,3.8720196632856663
0.007642665490559253,-0.39709595180682733,3.97517120203155
0.28605206463719846,-3.706022816940673,4.75332855326911
-2.7023377814609875,1.0117376455545388,-4.8250578374398305
-1.998492735093389,1.0993355000378369,2.8953694907883722
-1.6795088428741014,3.450524271571002,-1.3764793615094817
-2.156435478807266,-0.22646867794567882,-2.7206740743093327
1.4663779710825562,-1.2090689316476046,-4.927714447682046
1.9925211877755107,-3.069470769833895,-1.019532228688215
4.093297602493809,3.4028624179170137,-1.4824410083675765
-1.5196983383580607,-1.4324260590946256,-3.7980862613113042
4.656088206876051,2.8018230872242995,-3.9972887192016824
-4.637073509439893,1.4925660210929523,-4.03853696869035
3.4381814968137654,-4.849317580718924,0.28657888015278576
4.455119640675344,-3.1613436825656827,-2.877861376824243
-4.06240950774683,2.826417554178108,-3.129178114102744
0.05650766748858427,-4.760702058834326,-1.636013547609184
-4.359165822884638,-2.1010125750112407,0.13499812818485069
4.46856035746902,-2.411964839816746,2.6462903638137805
0.5241058018741356,1.1084839928191972,2.135449644446126
-4.036290585179028,-2.8343061648809376,-3.7911819047358266
0.6752069094113446,-1.0975675612597247,3.020753546730795
-1.7203701863892604,0.3856529420884556,-3.185012811795478
-2.5985391141316105,3.3159486496164554,-3.635605668327667
4.630164730669996,-4.334272062651779,3.719882864264928
2.195331940830201,1.949710458448573,-3.899051698931084
-3.8840224209054597,4.975629187717255,-0.1632332728881849
1.6920369033377556,3.1380263378733417,2.454073078297963
3.9655910610912297,-2.865709484516954,-3.114931370789027
1.2384016887260128,-2.4570961449924056,-0.5401851762644085
0.7690926653259789,2.688869167407379,4.080399655892171
1.0224764828539517,3.411557937324737,2.530567546578073
0.40243214242970726,-2.5380279824988996,-4.031404879212949
-4.31410044998858,-3.076608575628196,2.0046451940900916
-1.548770130421664,4.451529869329834,3.749773718653289
-0.18623134080549697,-1.1919141058984941,-4.683994002584385
-1.6578753977583451,-4.228531715922022,-4.978419271178362
-1.3248524591233402,4.157693580476424,-4.14942452019595
-0.8027338822858265,-3.8326973734290295,1.1401697229223675
1.2658676197471088,-2.549408765718779,2.1063909528118208
-4.924640778257775,3.7217779332966625,-1.7767287543308652
1.6848402125716273,1.358790598377471,3.9917653323695887
-4.377009384068609,-2.1433915073188823,-4.161720532197727
4.164625047133811,0.826269595298756,-4.894317033195788
2.8964462172234278,3.641999535797373,-0.5317243475653726
-3.1684866612133264,-3.518413724639972,-0.9940721215626755
-4.503339628872334,4.928062296530273,2.698426528494232
-1.2097122689113124,1.845592217598103,0.3545222024133041
2.0220574559815097,-4.474292005316675,-0.8126547068022818
3.2669743246065455,3.2264130208963913,0.9818417864416649
-0.4284093744227846,-3.108294151822346,2.794862328663738
4.227447191749874,-4.3888321859777495,3.9733881043529724
-3.1832152840149854,1.2994235240031218,1.8819719014349223
1.4956268850157652,2.3600163547450688,-3.319896679842759
0.3299803729153039,-0.6208822939555567,-3.309249473099556
1.5100926013381075,-2.8216831642576903,4.139233295515247
3.950217153290975,3.71140612544996,-1.1333573438197142
-2.381054177479429,4.982901128352712,-4.068130927556627
4.208558906691282,0.752943831343126,-0.4342133694147874
2.943146069430873,4.7882126737899195,3.620842556676907
3.1065718693553244,-1.0800957264160695,2.117675694519061
3.2565076883897497,-0.17179488158317824,-1.691960884356888
-2.6203047142501177,-4.448994377874874,4.485711122031205
-0.053787244193880035,-0.07123021478893765,-1.1936910213246832
-1.81126385699663,2.3028483409912397,-1.9786629994686855
-2.4035941574407516,-4.784208423246708,-4.304714843096309
-1.452229792790872,0.3709212613027848,-1.9277844074745465
-0.33205600287255965,-0.04598286858385592,4.061558340514711
-4.776196173567272,-1.975873024407604,2.791797946334161
-0.4014075093083509,0.4042637436034946,4.321714714080766
4.2373440933635536,-1.9500689798381234,1.3214062010146446
0.03758214841624152,3.3348158585053156,1.1415741804125723
-0.3257181653961325,2.619945717830946,4.935047481070772
3.3435685886326834,-0.8811358815696941,1.071037207908848
-4.705052304970824,3.674063878349397,-0.9537400607010804
3.214701748125975,-4.712330171145234,-4.944182885639772
0.053899234433357535,-2.9035771044369363,-3.4101176091204852
1.0198868320154117,-0.49936399318374924,4.296388374408686
-4.695121345453056,3.72874899426151,-0.3664874278280834
-3.850172383522028,4.482524215970846,2.3967438423436525
-1.788112354988102,4.698806542563984,-3.266873293911191
-1.7310865735957561,1.551006470480612,0.7457441279920962
-4.8022201877122335,-4.999446419372017,3.1890904956381316
-2.682607761495235,-4.089474087660846,2.175989922773778
3.808287041215305,-1.171480817384766,0.21437041317683736
-3.858667356841954,-3.826683862076897,-2.621361821290021
-4.654675677361828,-0.953545662190943,2.69814512573047
0.5605570789663563,0.43786078391125294,3.202707398484808
-1.250913235750807,-3.9651593774521396,-3.1576225260644106
0.3898830692320656,1.4813166270646763,-3.100068691133717
2.3177570236563083,-0.7106011410966868,-3.8406457664380134
-1.3378775172719246,-2.6151681705625407,1.973975070543613
-4.499296942996898,-2.295585525852746,0.8557794148906694
-4.492413132135584,3.689002968462244,1.322464476159146
4.819747711909766,0.1445151417167736,2.8891480619557077
-3.1097238429947396,2.7936102763449107,-2.4836357786088294
1.3830811987691014,2.123772906123344,0.2588212589027661
-4.211380987499808,4.230373439668554,0.38404258387054035
4.464410041180928,3.603615177791056,-2.0834046019134966
2.4330308730972847,-1.0697954829130376,-3.568325352830999
-3.548864818463273,-1.4356621492346577,1.1083698790221632
-3.370351633093084,-3.3651974885514413,-1.6219563402960024
-2.2043517016888927,0.5363965254926661,3.096807031544609
-2.874279091363764,-4.58646153926598,0.8645247342209803
3.275296877251643,1.6315744482075747,0.6182392173691911
-2.1549967127094414,-4.245324103613194,1.4461740244913468
2.4081730314572845,-1.1560818893460336,-1.4057794946983182
2.9821039959290125,4.007068795113696,2.707442251758698
4.423106974926494,2.545175567241814,2.713849598649589
-3.761833611573425,3.8977387637243766,1.858905037614786
0.3830618496294882,-2.853626592883043,-0.699184491722102
-0.6116735632082264,-0.7587917630136722,0.789065747699965
0.6319229057505016,3.755809336986477,4.002524223615167
-1.5446386832751813,-4.048280743498135,-0.110246892967794
-3.608001243507796,-0.9447929985636758,3.2403359290730087
-2.9947222558076603,1.0507108918261139,3.9345740311605564
3.3235862016733133,-1.1171726369086112,4.209243928850615
2.3461838830017534,4.162655022169355,-0.9261368854460263
3.3282372466138384,1.5059618205283822,4.09763347668523
3.81691509429627,1.1611566803628754,0.2349788835612916
-1.781095359289652,-0.546098708070387,-0.13397380495297906
-1.7469542341312794,-0.08597984761678834,3.7887526420620627
-3.0208183818007193,3.6594307016929104,-2.7986481457107084
-2.0234925108296897,1.3911567462970744,1.2833080026585915
-3.447601864025164,2.0552965068435203,2.8669513535475213
-1.759601519707228,2.7953153576814627,-2.156490647936339
-0.5230894493721525,4.78655918476621,-1.295442209824289
-4.931123912245942,-1.9667861159907596,-3.5082253012614864
2.930539445081167,0.4681460087212388,-0.1053043999363954
-3.5149182805760604,-4.487219011159972,-3.553703853115273
-3.825427768786275,-3.5422240073264444,4.746231891441958
1.286441997921414,-1.251121274487458,-0.7797781044688499
1.426411335365298,-0.7786727140158902,-2.4228156221798525
4.292078952775393,-3.9592797553694394,3.76331937572121
4.151207899193576,2.008354547820775,-4.957587942448857
0.971609766649836,1.36656492570612,0.413973743293222
0.3255546687138464,-1.4398701640291356,-0.4791479298627497
2.079207749457468,-4.812866268669574,2.8352081479179336
2.7165109744906246,2.0209372352978248,-2.9814674581037703
-2.5070355710387893,0.44488386016135273,0.3091397855094966
-1.0754940254770053,2.81392752511925,-0.950435310229989
3.3439889993009597,-4.114139356072655,4.278712150256286
3.6991700578697753,2.9368924329092563,4.399259461259156
4.805002883993952,-4.094817841612112,0.2655112847489125
0.6814714218495377,0.6901967711667698,4.997149139779703
-3.68666416174713,0.3848779878576778,-1.9185482898991655
-0.5108989960664712,-0.8570244674556537,3.2479901496969497
4.724660181429112,1.1059100041164305,4.899577248773607
1.2462751044580402,0.7238485458843344,3.8100792688601253
1.994254396485518,0.20675638515985106,1.5584322750985464
0.5851638814954052,3.4070124940778026,4.700752399901882
-4.2083895567901735,0.05439110679527648,2.0312139400091036
-4.592957627550137,-0.6010363011492075,3.0815842394583655
2.152868339297825,-1.7909878850353111,4.175142459487853
-4.353289971171956,3.128826296145446,-1.0621557245741595
1.8089237907442985,0.8767623284538111,1.0815119587683677
0.07508984113993655,4.551337737819539,2.515876589881916
2.461847686499688,0.44650249793295416,-0.5253298419441723
4.43959502589958,-4.985951632116047,1.7851903750418376
0.6161890440774842,0.48199274033471795,-0.41037533909250357
-4.191390422803706,4.148090872022735,-2.4656958584920496
-0.5932363667859448,4.722711882785598,0.3387372501807473
2.5010056363191406,1.4021235789122137,1.7581718910475868
-3.4547281826499256,-3.1077215481625564,0.5208127628511425
-0.5001985455740456,-3.6123385302894775,3.045322284906076
1.871009364717767,-2.628525421426379,3.838364691278045
2.2671428773089675,-2.885417308057309,-0.5557310651259684
-0.9955075678488425,2.3244419959324283,0.7195468611071067
-4.212061055409241,0.11116197141039308,2.9318488760387336
2.559523650902724,4.268600525120288,-4.194061793443423
3.2847022976190967,-0.5279615731185308,4.677823358740735
1.6079242979698707,-0.5330898113923794,-0.9541060774919288
2.123442312669466,0.07249166681823205,0.5322699990743809
-1.0807957461542914,1.2267434911912591,2.5994424888555994
-0.37306398415017483,-3.26828801854686,2.433304344405024
3.616784903181726,0.5025036899313573,-3.5624693628705293
0.6337781581263506,3.8020401166841093,1.2358725694161476
0.22745961555664973,-2.6984774627679387,-0.2487107366970136
-4.328912853273125,0.6526006902627577,0.6729863970836494
1.8431593999348808,3.160696552612558,-0.5899459178544273
4.647717250254871,0.23110122117748677,4.718688826121923
2.1128218943415487,3.9651077516508746,0.6348936355956507
-4.876070607900625,4.6868387365615405,4.168651633819078
1.3609649869553007,-4.160690265654389,-4.920506319873612
1.1091134531381304,-1.6790240584663438,-0.6810379829425903
-4.97938337717581,-3.221704912271287,0.1176113709994917
1.8361855395557036,-1.9377399297664177,0.7222646151689975
-1.789551911093298,4.679988250567996,-3.008624836772582
0.9593580079492092,-3.993903615763453,-4.279347063991844
0.16861807186382105,0.8928328878433902,-1.8811205014093946
-4.5567654258394095,0.8230091444891698,-2.914914627527855
1.356905684953106,2.9827072707395175,-2.745901201706343
-3.9318197640516406,-4.414920630435213,1.4388348957009898
-3.8204656503352696,-3.7965996959367008,-3.1963769771580752
1.389172058839553,3.766096295533794,3.44540984981162
3.398751749199967,-2.4951525521821862,2.0764615670250643
-1.8766631687031277,4.1123725099959,4.803086302974576
1.00052166641618,-3.0264959703694005,-1.318797649003951
-3.949729879679078,-2.707018092669805,0.1577605838222107
0.9561811677550027,-2.9023586395636713,-2.743541873851102
-3.7070029398920177,-4.088877729286632,0.6114315972441107
1.9386680869133235,-1.0573662565078235,3.809386071629886
-3.5712108383504226,0.17964918068009617,0.19479921071170914
4.679120488035901,-2.3766586774410503,-1.5465775150533845
-0.1585817358577577,-0.6146348011077212,3.710315662031018
-1.6957131895623,-1.5773361366669714,-2.21483944903194
-3.484706579446868,1.3210342098812085,-1.4979004245499636
4.228972566354466,4.289605982701097,-3.2126953272315295
-0.03702874510883092,3.641540625367302,2.3418295013086654
-2.559912494144283,-0.4713677606908959,-4.306091519424557
-0.8557225681349445,3.3693946385809834,4.416808264323004
-1.6485884909777737,-4.469211611291522,3.0911270188185043
4.410113877720786,1.1838690840754849,-4.345131009879047
-2.9902479700058224,2.5500142644374773,4.950092835570537
-4.286213180223623,4.833708187357521,-4.260075142342735
3.477177042457214,-0.14158297202803904,4.711104286847537
2.2204384435802895,-0.9375620605853392,0.8789272849017191
-3.253748584674645,-3.9714293876900673,-3.470978488382288
-2.560687216403398,-3.7271844626724047,-3.6008603381673643
-0.7546172692887341,4.388849920281503,-2.4456631540055818
1.1376855194461646,-1.3082555243698502,2.8080324458957477
-3.2379463141087994,-3.5545456102588346,-1.0256185134341789
3.503229954993351,-4.37108332613057,-1.7353857518475282
1.2053298299199469,1.820756223795069,0.9424315456510834
-2.399616279292883,-1.0744201624562546,-0.7337907132647672
0.34506627735257034,2.4568344280250285,-4.111759831232899
3.119142426584528,1.0295982228783096,0.607355946479224
-2.194672517400532,0.18923207815537424,-2.089674329037907
-0.4349197180024822,3.8101018061000147,2.7191534532838606
-1.0643001310108202,2.8965207167780207,0.9583092311606789
4.1438302030660985,-0.7823295418612712,-0.7493137825382545
0.37850094832845826,-1.0316201297659164,0.1922381603512875
-1.2085775035152366,1.1609101890546816,-0.2360416150626401
1.5495728831720967,2.8534247672485966,1.08022350082972
-4.901385322872588,-1.0629740419682077,-1.9016571355474676
-3.9622743805885285,3.0381987502103893,-1.2791321094658192
-1.4521646467445848,-2.263778156618468,3.861650013153792
-4.168652071894452,-4.6603052880838085,-1.1845540185529124
-2.742462150817353,-3.4626489527579416,3.257030352800042
-2.9509560350386654,-1.371267368838791,-2.7658062416756692
0.5451500602132011,3.310328888030652,0.3702204921596852
3.151529652638377,-3.4928479320202346,-2.856862409215694
-1.5184616828760822,-0.35739047197246077,3.12073107817924
1.3621321415455334,2.011561719535397,1.567426992057782
4.818286803732915,3.532657016257007,-2.9947479417698233
-4.615522474644703,-2.463475898419749,-0.11517977232595733
3.754760033578444,-2.4471965438683094,-3.966459035614448
-2.662698656077244,1.0224423854114288,3.1772460046943465
-1.695613110683639,3.875709744452106,4.0657388103820065
2.772278184795823,-4.028407974256249,3.1316030201793446
0.6188060229388341,-1.1969074735561112,4.3598284096918665
-1.26942823894445,3.4324550017891298,-4.7852731102378865
-4.055541455214867,-3.317933467535549,0.21175273198483868
0.6563767770089122,2.6770964343233423,-4.268566858978859
-4.652890380174425,-4.996462887575919,-0.20978809152652378
2.4798946325669613,-2.2597176501876737,4.469740578709487
1.5122823144275408,4.606574822176967,1.5652677299551856
4.595157804942096,3.778007760508382,1.8332722004230027
-4.942565229409021,-4.2710573377106344,-2.3653214229657458
0.5638833724513983,-0.676054085800831,-3.0804592549067413
-0.9961606546603434,4.8472320024470665,-2.5916325125863313
3.1414305141965073,-4.625395161060764,-2.6494444840845555
-4.279350774593308,2.77145460530706,2.056946961477685
-1.1225600570183358,2.416025345031855,-4.408420022358252
0.6635432749926924,2.9927900755076875,-1.54315568446739
-3.601320147297823,4.007215290431111,0.05567071007480795
1.8353823361669797,-4.15553829045591,-3.260980633501094
-3.256056197472099,2.0263591746943534,-4.9400636226149395
-1.355800830153159,-1.823085463324964,4.117362018655603
-0.6668053521562314,0.8838013545039285,-4.3217141444398
3.0337817340736617,-0.3076126928287817,1.8690440797998793
-1.0241136523389205,2.097110563453752,2.7783121571855594
0.19233093221821917,4.735725154577203,-4.580861158991922
-0.09694814114326888,0.5395244558578796,0.4018066634040025
2.7884902025825706,3.175371175157661,4.500902953594558
-2.9139064896693934,2.673025824891634,4.055558980051188
1.4516587878157114,1.8480351456286561,-1.5012926766025059
-4.025134060720577,-3.359557484973088,1.7810592066030875
-4.995722536872594,-3.6604235775326677,4.512235892865014
4.825920613773185,-4.494843492360184,-1.5302024808404768
4.592084323373056,-2.907341176664364,-3.4923663659907964
-1.5633301773875132,2.8844863359887096,4.197981254641553
-0.45972723661878234,-3.623165776024803,-2.6253929444415034
-1.3661390318074549,-1.8793700692304869,-2.852143169531993
3.427300113515736,3.2832324618417257,-1.7431750819094716
-0.05750386699020105,-3.9881267786197894,-2.243941910702855
3.9225520941199647,-0.9245345378285075,1.6259538167820438
4.733571039578774,3.379054809050178,3.086287217648122
-4.191942823896433,2.272550484908976,1.2385308556730381
-3.149359194192487,4.8121580135903805,-2.6633824871423895
-0.5321812679663784,1.7976148554920934,2.319968382274408
-0.6905325712900625,4.269133785243996,-4.81167653941899
-1.5652981545973352,1.85572415541042,-0.6346964354604498
3.610242487608483,-2.1143215738037133,2.7940648907015406
-4.274792109327007,0.27617167618038785,-3.9517505726551407
0.777666427197719,3.226810240479434,1.4908972500527229
-2.4166681393849823,-0.017779044619383733,-4.201136794023714
4.4484881438744726,4.086831263130614,3.9338528380670787
4.55242003283572,0.12061994500176532,4.843551635722296
-0.46504707763702324,4.324604646971332,2.902629775204968
1.587443556874014,4.592504655586271,4.444510171952892
-0.41264620488433135,-0.06091043636796112,0.7298010537610207
4.35473402349411,3.7466035148102765,1.7354040653127747
-1.9915565553991832,-4.505438231449608,1.8453952954701034
-0.6519644634583379,0.8187422799954334,-3.9496114341487676
-2.6039547889939607,4.279816234579652,0.5877788382773517
-3.3365592000461177,-3.1297941344221805,1.4421718583812924
-4.797052398578528,-3.679462446740306,-2.2395683580902626
-2.9323893295315906,-4.065727295373574,-4.600841096229461
0.4741483805619007,2.602138380983094,-4.068468003344327
-0.22836726113193961,-2.987476910990865,0.5894813021856731
0.01540142394178634,0.7242354560679072,4.1035511368129
-0.2050747247612943,-4.824576246793414,3.9712774674892763
-4.685463866670375,-4.53367368002386,1.6796389645662444
0.6197891966427536,3.6109146849455875,0.055470639781796116
-3.7380827431556964,1.6727572847927705,0.8268387594495454
-1.6071003269568571,-3.452070186579421,-1.235912694570839
-0.36946926491385224,-3.672704761779859,-3.732493307084913
-0.6642318250033874,2.53872335152122,-2.868626606493353
-4.996137405743351,-1.4567012842877167,-4.854386071199048
2.977702754710281,0.42135522423465854,-2.635814011083802
-1.472014316770295,3.18788387814571,4.252462560806954
4.417736026793481,4.583524035506596,-0.14095574214351902
1.1714528784971883,1.9657036100739154,2.286934567023035
-2.0626251402082083,0.6993117274781033,2.324540921048559
-3.988201981811068,2.7363390261002998,-4.172705346555067
3.0733004020212746,-3.1620170015753777,-1.1529045780205571
4.759342218457137,2.1145396150141673,1.9657436131543182
4.526349212931729,-2.4849863793314997,0.064179832889387
4.6874322374394986,-0.2543236378994198,2.1367120354766396
-3.6043967310203193,0.7281372223025908,1.998617082957562
0.25944139076127914,-3.364678341092966,-1.580324076928501
0.662239535095611,1.7592592211158067,-4.759804723733642
-1.5225936005575047,-3.409694273377184,0.9289556076315293
1.296728279277839,1.2268019082287198,-4.583795031455521
1.1887876688068104,4.540986590280854,-1.0993076638311603
4.714442260266123,-0.3472529514508924,1.0708659206460407
-2.9617261073073866,3.797281903834758,2.285944917287165
0.6217113249510273,1.3973590886536078,-4.365923221706376
-4.5504177926092275,-1.2374359591992476,-4.7512225500311525
2.869447857963026,-1.211414874740738,-2.261029297751053
4.655911209396477,4.874456009037049,4.227215586809702
3.6477157872715225,-0.8485883913535597,2.5702315791626393
3.504550634994631,-4.931340782611996,0.7661253778239798
-2.159752454858798,-1.1088327191643819,-0.8602405324550286
2.7401075230473406,-0.935067743243641,2.2140168963573794
1.7369675867055872,0.9551186358693649,1.4977929533847565
-0.8104569060830293,0.4572138891737758,3.622696839110027
-0.2079963933898865,3.9529563246355686,0.13389765278191135
0.9341523733845651,4.610312958422703,-2.044026225323019
-4.030597719288595,-4.934745591677743,1.8665427637199583
-3.038449459443834,-4.425812920059674,3.348851991515888
1.7771579871025809,-0.5178637862857105,4.388897515878623
0.6961942887326842,-3.6760806292120316,4.416480417140134
2.1356186831896986,1.3575425763255486,-1.777625490722138
-0.4584978227347811,-1.3518738854248835,-0.2830606550268078
-1.5692854500225542,1.1410616882404145,1.028830750482074
-2.9777472818253314,3.0492807204014998,-1.8370197998387794
1.887648476966893,-4.1437530482701055,-3.680116993712158
3.402025923100453,2.7570816232213,3.4047431351519872
-0.26095055481970775,-1.2883189162369932,-1.3785700874900209
-1.35015710713001,-0.7243710038404751,-4.8889453532714615
-0.15901427065274287,-4.8887788962292245,1.246963178356948
4.486806163129241,4.255067658353811,-4.876444967495042
-1.6557705485824847,-1.6172044518042474,-4.082852940384613
4.953370496426285,-4.292238896173154,-2.5103092983976474
0.6244892709804049,0.9639786578901068,2.482703604389859
-0.5099234526259018,2.4294434772185163,-4.504405067104208
-0.7021917975753142,2.0307211051274967,1.4666522072374866
3.2376994538544484,3.2926893897735816,-1.1566725509843634
2.42749687796875,4.979456159021375,0.12302561281155988
3.904002101302728,-3.4143160983456946,2.204523846612486
-1.3351145853460622,-1.8965934401621842,3.708465273724114
3.7443717345465224,2.875696982658856,0.3225581893176024
-1.0881788448171092,4.368615822248129,0.026703045361820443
-3.338251557825841,2.6350207999643507,-1.972374238540012
-1.9561496886582654,-4.595988104753156,3.531077804146559
-0.3671159144912419,1.5115757028229924,-0.9976728809061086
2.0007391516687125,3.141266705665405,0.20218979510642932
-1.6364177043678274,2.560570261947273,0.5660645250455234
4.990072069952836,4.571188622314436,-2.4748045844819364
-4.211172985597585,1.4190055151937084,-0.5005201880428238
-1.9436176181557108,1.5321666116994983,3.3860896021073366
4.750931890210527,0.4102539660044977,3.6670349405685503
-4.769128033581921,-1.4669965715408084,-4.569566345420837
-3.5257165993475725,1.5277116517522078,1.514175419596528
3.0773446220966463,-3.803963434438089,-2.953189868296696
-3.2935536579320446,-4.58883101907249,1.1883878689497571
3.573941102259484,-3.380229340172325,-4.599964319953672
-2.3600619861682826,1.348750425492808,2.104807729969864
2.5386366076652394,-0.15850500249466126,4.0301006427345385
-1.0842389267996033,-4.8557817116755455,-3.601918138092354
-4.249670481488554,4.356489011769405,4.873469355791709
-0.5169160283338892,2.9362575818535284,1.6435603265636587
4.523739140101188,4.538416602442743,-4.451786415603865
-0.5180097286503837,-3.745605193707947,3.730058136855753
-4.154729796892128,2.166294256667177,4.51929036608027
-2.0706951264361386,-1.6139690925247772,1.8798480079463733
-1.4749356582439797,-1.6381499374990915,3.2338814980835835
2.303683545193512,-0.8519045477485685,-1.294381154149855
-4.048269931936401,2.524174113898969,-2.4070488321187145
-4.471213135609333,-3.629093108095379,4.478044356144256
0.7771389361579821,3.387571478910422,3.648045463029085
1.8714259319237714,-2.4961595226812405,1.3723461283075693
-4.333498500754129,0.806501313630859,-2.523887009365077
3.8198273238911966,-4.0517094524172865,-1.4147687731773662
0.47464864612905977,2.5930094448200016,3.4745838745123034
2.782956385293738,4.596665991034538,-2.349611377025335
-1.80113680348465,-4.939757787931959,3.884439762573269
-0.9052023700231695,1.5024775082181607,-3.8597223129156557
-4.861151460799645,4.871017188890173,1.4356945840851685
1.9271363389973697,-2.926752803076341,-1.3239609726635937
-0.8813972853030547,-4.552433185691398,4.906360895660194
2.0141126960750473,1.941420958853179,-3.1984066590647373
3.563028272987191,-2.3781092974069895,2.6049329205230007
-0.6029007349554742,-3.621852688496242,3.0454257995300864
-1.0010750831212443,-4.468430011667163,0.7873243280526516
-4.066450307166486,3.3907961964784015,-2.216184792215161
-4.897387860679755,-1.8130841542134437,2.950578837901392
-0.2800575090067605,-0.7920208714566987,-3.1551039167888395
3.868457944137896,-2.666545432521794,2.73112933884517
-2.7905031555281923,0.8195360259456592,0.43272314817376767
3.343147584041624,1.5792703221078952,1.6712615318020134
-3.053747676786076,2.590675968683013,-3.2094229308941777
2.504416458933152,0.6246869064655378,-3.517719146910787
0.5889660678399986,-2.3053808795579425,2.758158046096362
1.0505520969309785,-0.4956669285379487,-0.4674300951891741
-4.185289075669724,1.4105915041418235,-1.9298708753876168
-4.900001426890627,4.041109952508368,4.947548682481639
2.3538022458572723,1.385229025831296,2.067077653832338
3.211136318806103,-0.7711447525917912,-4.657308989645312
4.582415100181766,-3.3800028542459524,-2.91763177886172
4.767386184429858,1.0931305127645494,4.702901023318276
0.8752407633536263,1.6453819420447848,-0.8237472608184611
-0.5680825615492164,-2.8073790567421044,-0.15945457138245622
0.8424271667129659,-3.553179434049467,4.304824424225849
-0.6849275198976486,3.9449115363939686,1.6204908406932947
3.267493653208966,-2.7352713274159255,-0.26258425119232154
-2.586673926807037,0.2837901098602371,0.9419875056293385
4.154423257689993,1.762220096779484,-1.9485568500968045
2.6424639763358595,-3.3405568028270496,-2.048769286461983
2.3494568765513844,4.869567068585669,-4.700421997430962
4.313244454481836,-2.937341823207519,-3.25075538777941
-0.2937223227727461,-2.523101352369741,2.0866706851999073
4.832679234411927,1.3225244142428174,3.7372982364177627
0.718517572094969,1.1580864271095468,0.12469624306693206
-4.067447420405353,4.042410068230442,3.280807948111141
0.00013431671619912322,3.3044770881009313,-4.941174285878529
1.2614721967113898,2.171570186720131,-4.0245697730272525
4.90920677558419,-4.468109208618223,4.490484214478805
-4.024436784802067,3.8719471012339994,0.11655327235366819
1.0436724288549453,0.8730049420931074,-4.958165449771114
-3.750034505435055,-4.6832457881390885,-2.6112181290602865
2.148789114460806,2.7440860379794003,-3.275990896281117
-4.893068802985415,-2.35881394144367,1.4989070771081217
-1.0286835340207223,-0.8305051897912632,-1.6228949531740078
-0.3358837198763256,-4.683897773897005,0.8872564826481542
-2.6492043451610057,-0.5781484272007278,4.969680528970677
1.9013105203095453,3.896085597754306,1.487859540306168
0.6585869985404837,4.7751445087936055,-2.494012738901772
-0.05438300398754059,-0.14717008263336862,2.1303238589383113
2.6674724523037128,0.8929501113115625,0.25267103942009506
-4.12125283464908,3.1181714028165306,-1.5293008677907216
3.728406979746177,0.9957286117801392,-3.2590825819252736
-3.3938433365410035,2.4881662917329734,2.8935071406978636
-3.5960757251742645,1.2468747048783166,-1.8024419977392059
-0.017295620994665306,4.563934393903992,4.535122233119806
4.723835989052997,-4.716352655789291,2.0559531536989244
-1.7334429256791237,-3.756267424028652,0.5258601733992574
0.6205494911567708,-2.3280312774208656,1.3745756644046523
-4.346246249514378,-4.901412384947811,-2.7175179589836542
0.9363425868438089,-1.1725709343412394,-3.8298905348446444
-3.2415784979744644,-1.079405751663396,0.6003862908738444
-0.748864173075563,2.962601709639385,2.2799340375197064
-0.6069312764893819,4.421660833352847,0.004486842960028881
4.132509565011864,-0.9865469275060708,1.4309376282067676
1.2779414244971488,-0.030646331718708453,3.933512749921066
-0.5809039153407998,-3.2237744283391336,-4.12151167837925
1.7912702821976092,4.150619444870969,0.8027217489236058
3.8242765478481644,2.6190919767249676,-2.705137299859005
-1.1520491846212821,0.15742021451487265,2.868853841558602
-3.2526105401228813,3.998074382282322,4.869721631527847
0.5651527540007901,1.6363101295309814,-3.807232727365152
1.914021716695662,2.061638754786273,4.625350230958272
4.636226720252626,-1.02217452572701,-3.705867833325934
2.1079102500642497,2.980192817430445,-0.6412365568932543
0.4321800935350222,4.658474581194984,0.7361307490295257
-0.5038038617611731,-0.36896553544663835,3.6986048440550974
-0.9348518714580587,1.983388033111627,3.9342885526220766
4.694428823826968,-2.069876464528516,-3.8750579999418546
0.36584945137311475,-4.218818773795803,3.1128676864539457
4.685252981397037,3.1474069068861468,2.058565317162384
-4.161014514573407,2.0599505137266236,-4.573408545305084
-3.6315709947424404,-1.9868671475525201,-3.354341705459097
2.3644912962275066,-0.6128096892318178,2.0723125384056473
3.8601653629359216,2.589360190381676,3.0600671002372817
0.6637254466150164,3.4899757817131505,0.3328434763518082
-0.6408238352784341,4.191533852104307,1.2861708705618664
1.195546387429892,-2.0088801337484954,0.7499767898563263
-0.249763892282183,4.201447478390966,-2.244804870228511
1.308767006642487,0.9710574810071124,1.2429351915988986
0.610689239200183,1.7850738418982868,-4.143382728045033
0.16645420071099348,-2.0751102403446184,0.5340460107154668
-1.3779228942776465,1.2225971716208317,-4.238146115691352
-0.49385082695958094,2.735521753926623,3.5770425872581963
-2.619011191011537,2.1096064885789563,-1.4238991105948728
-3.1124719198266906,3.049827911953834,2.052049024959345
-1.8313916003553166,-3.135440331921618,-0.868454795749618
0.42465490159937946,-0.37508883692582096,0.06913158217714432
2.624929268886371,0.8267869994060293,-1.4502577695307117
1.0512122147210912,-1.1001002114172955,-4.766239373715493
3.739029005599532,-3.151002249893141,-2.67550724498404
1.1974126204283975,4.504389665161309,4.264070282603127
-2.024896709218708,-2.9317665791065295,2.756596771228984
-2.8704255185116168,-2.9143599412915835,-1.1650726599179206
3.6620977474341956,-2.597090315443542,3.95362526778775
2.2376031676741395,-4.778920512467946,1.1872383966692759
-3.9125847624359134,-4.80722812127938,-0.43029840788817
4.817836702757708,-3.723788587800697,3.1553797176051503
2.118522159728794,4.223206960955224,-0.07653589504436642
1.935517724199535,-2.2486076067810035,3.11568649153069
-0.20801291375688535,1.0750251601423741,-2.5921677110783303
3.704613335867716,-2.677815085090498,-0.8967022494023542
1.6853057557822595,0.12593200705698315,1.178201832562193
-2.2687242417759377,1.9340026496843326,-2.218167443068201
-4.812126068299136,0.5691173297930332,-0.7079264727025736
1.3800973809757036,-3.4450250564024865,3.870729654419085
-1.0131055309919446,0.21921576126037046,1.41320237199624
3.35113149038399,0.7314089392980225,-0.8578120599387677
-3.217817935742838,0.7264793391113065,0.41108397478584635
-2.6753736071713052,1.9702270385819318,-4.726199918386427
3.4345949424270863,2.091202581425402,-4.636184307496569
-0.008043898049713505,-0.0894488364379642,-0.6722556259170211
3.673797041058089,1.790401946138644,3.26418646909978
3.3451730623261042,1.132699810674616,1.725670013907381
3.153049252357329,-2.866404605539566,4.366400718652875
0.36834876356572543,-4.264246991850039,-4.517798790446999
-3.9983267216783904,-0.5067318623894419,-4.4877023454116
0.5098515351008075,0.04698752597420075,4.352185443754323
-2.673427321774171,0.7525043851440039,3.649693518775429
4.0401416291178105,-4.694692791450193,-4.346158349133744
2.4712488817598564,3.069829092032247,-4.703574279904419
2.1971069577239497,-1.4495957720352104,-1.7195791490971035
4.335696987968316,4.391631107461892,4.718935093501136
4.073016326608254,-4.340060095067648,4.889302194705559
-3.429545628434937,2.543560171599461,-4.262887374248772
3.970103652060617,-4.76909322510361,3.6599490688960294
-1.5749047972527719,-3.7434413560256274,3.944860975654249
-1.367540563807772,-1.3936025996205337,-1.665687658718781
-1.9468224352441776,1.4258826500531443,-1.773804475487041
-1.0503657964985047,4.210049646936341,3.6452479320876012
-3.8178571140278805,-0.9299864286787081,0.2935778172245316
0.7610113220075192,-1.4937086354260631,0.18556144948869502
2.1804426534889156,-3.3336190741570593,-3.169270961326397
0.8790901972487859,1.197320105195888,4.894193078983175
-3.417252885165536,4.91926649202348,1.5734726807066748
-3.352178664959885,2.2400963892172,-0.24323499989892028
-1.530279887034658,-4.529358946834053,4.151978030545759
-2.014466268527917,-4.0770856444505235,4.189574675713207
-1.2866036412920332,-3.7314314452397355,-2.8940304271782127
3.154959153019176,4.838410097947515,-3.6791477700092736
-2.9310256358090214,-4.510379915366881,-0.11282383183775035
-3.474139494687729,-2.5397194843363535,-0.3233661679010513
-1.6591535324705777,2.189719582540272,-0.4499258678317597
1.0076739582750394,-0.9501961027825772,1.4595916130262578
-0.4888824327950534,-2.794991251134121,-4.203400640496769
4.897513064915776,3.61856797485688,-3.6368086047082313
2.8876287955857816,1.4249547207883593,1.322036414656509
4.696381697790198,4.48234515658932,3.703711674407767
-3.032349271534711,-4.251895770058672,0.3268457447378106
0.3478674880814481,-4.211720413200483,2.7112753262675904
-4.469976248022546,1.7797732830453628,4.5283634809506275
-1.2437599288630672,2.792597982353162,-0.9592583567605235
4.800002463328113,-0.7753463750961611,-4.964626288489374
-1.4791295584634776,-2.9126386385371172,4.5281694418552405
-0.7911209279650535,-3.824799309658836,1.5171563058673545
3.2769180232278377,0.9573000230994113,-1.0781650112305377
-4.114041407611296,1.1674637533137409,0.9629901968445784
-4.643878093071318,3.89575872941289,4.070077640168218
4.483400460709346,-1.1163670971462736,4.3862228061559065
2.071473216047436,-3.2315210706069286,2.3535216459205373
2.884367739761352,2.9655532046224264,3.2229812580498294
3.3542314834693165,-4.13691658287804,1.3829998942401307
-1.3259948383640072,-3.1930086432656815,-3.3199097612711927
0.3759004583847485,-1.7153130295290433,-0.46316640070989834
4.721878870372919,4.64848833147124,-1.2859827576383474
-3.3574278787456837,-4.354765614836328,-2.7580598152187408
3.2109849764200202,-4.810264213531311,-3.5500179571113053
-4.024445816260306,0.05539266364662865,-3.4083073174053125
2.8531749304728837,-0.7094396950192738,-2.507573451586582
-2.226435132580371,4.062462460083015,-3.145646911155644
3.04084568080388,-0.29763513319476154,2.159820620248004
-4.124624113941629,-2.657485399308843,-3.707240515654128
1.5848921618264509,4.575150994601213,1.5218983312371908
4.143868878776157,1.01144416391638,2.6637803618641502
3.8312514729553193,0.48506608474478163,-3.3237278341087584
0.8446408348839709,1.9525144460248454,-3.46091960671169
2.7802886342067854,-3.5947134463384964,-2.15693219638125
4.208181638415017,-3.5568923605679936,1.5762946000540534
2.343328963571503,2.0133307230447812,4.592772143865783
-3.4682726221180826,3.8405192142272586,1.038208665799143
1.9222886510201311,3.9085332228127925,-2.0920401196387806
1.6870567025416863,-0.8434952628831578,-4.129733801978511
4.1953279701961,0.36844017274905827,-0.5554653109196739
-3.987778993993877,-4.118479512017599,3.9250714305687016
-3.2232439433436957,2.2008002727658402,2.340308949858737
-0.7476846824919567,-2.179987984544547,1.612998498195494
-1.089906822146184,1.530681614624899,3.5324516775835555
2.72620345523002,1.008307095406174,2.5691002375278806
0.0698773860729478,-3.5051848387636717,-0.7467978919925597
-3.5320795933898417,-3.6708251564586303,2.642463308773829
0.30201636723031466,-0.35450711843478366,0.973005233688359
-0.23547954152106865,-3.2613227689114597,0.3642585410499324
-3.1264591473024006,-4.645255345015943,3.1142291902601738
2.7693937080216893,-0.9332378131223376,-0.6361022507029777
-4.448226584635858,4.574888644944753,-1.1723611409408141
0.9097594706141932,-1.652335636145954,-1.7465244450021
0.4366664514039851,-3.6262027998355393,0.5867838645079804
1.7961231707394703,-4.774943617093603,-3.0895289125646066
-3.509612425140163,-2.000634981239714,-4.780385236964423
1.6032874977769875,0.5318154382967313,-0.23860218108315845
1.2784970649899705,-4.568257254568312,-3.0705686136635792
-1.911674817893616,-4.660242572417749,-4.5767304004072535
-2.3065813324390994,0.8887920817551738,-3.5386953043005698
-1.7962305394205726,-0.7752429943865184,-0.9986473820595112
2.475173368714751,3.160211979927766,1.462876793875485
0.5863344705599358,-4.954664468579342,3.1899496274104493
-2.841198531540808,-4.446800502580384,-2.255023271805606
-0.42058486239695636,2.0452933173923977,-3.7094920480850657
-0.6246061402589032,-2.549309297839403,0.16825721708687436
-2.5266661695774073,-2.942824882279397,-3.8539410339891402
-4.103519544386199,4.0781038677283785,2.4209765316743432
-4.2160278853248645,3.5368296726375643,-4.016907149817324
-3.4491479640974534,-4.572109347164099,-2.2504645385082664
1.166863903182862,3.7665085318564593,-3.121089973539366
-2.7847892676844155,1.5570109759105213,-2.2474470322031417
-2.9272629161571406,4.31329523539384,-4.133433779412758
-0.5080975311992688,-1.7889593531323476,2.1421072450030465
-3.707597544759673,4.185753139810682,-3.672155580238515
-4.0232276750599505,1.009191975123671,3.6764966963825447
4.769526389342186,1.292948853908066,2.120876818413313
-0.09749309389205951,3.6187758978573843,-2.095734499771924
3.6046321283301985,3.291437786435168,4.775873566805153
2.451902244242553,-2.7618084462638235,4.216729653220195
-4.153211121260335,-1.272823055819845,4.370091463394006
-0.9792027433717108,0.5047196662402564,-1.5814758123250385
-3.5853915869306716,-3.9213350405835445,3.9482495440808005
-3.4573543758859984,-0.7914110326613759,2.5511613281655556
0.49924546188508057,2.4266209326956067,2.908623088333437
-1.4919777131302414,0.8504683910833863,2.421854578512219
-2.4853116160489885,-1.6752782001718955,0.5629108185102947
0.5651875875081069,-0.04722164379818494,3.1143651757485706
-4.701524752546806,-1.0355392382285853,2.710400074881173
-1.9119246287077631,4.973154412965329,-2.824670715907971
-1.3717815090533616,-1.995437065543022,-0.04624302709167871
-3.0789005457587026,-0.11760372134843777,-4.702833270720312
4.1361101528438695,-1.4896290405431944,0.9377203139226076
0.5079998355132886,-4.8632305471620265,-3.0194944390947107
-3.008417018660964,4.680525344845078,4.999200201864557
2.1810349347681175,-1.048174792962242,4.622876102208437
-4.940979800277937,0.2231386604230945,-3.171594278794252
2.159336085981857,2.678831781456762,-1.4095773915348584
-0.6317222478725188,1.0121539953528877,0.539208814976293
-1.2800394823607641,-2.1169386725478336,3.642056415251316
4.457548393209052,0.4453594609561593,2.8844969362659603
1.4547260574457503,-1.5715066329543994,3.3497391229329025
0.1636502903393522,-0.9549637383654392,1.585993060464343
-4.720149890901936,-2.2688117482753323,-1.4464202923985203
1.4909562936573053,-0.2358265249627891,-0.6785185665621132
-2.601964128970825,-0.7841991474301135,4.545702715844078
2.6446391312828164,4.2216684800361435,-1.731485502627732
-0.2758936438185309,-1.1781781077936673,-2.0090107720824566
-1.6647960257804986,4.181035525537084,-4.965938554309553
1.3248772696269082,-2.4598411571882304,-1.1044101855665476
2.8490213492159295,3.152981781855214,-1.3171563997622062
-4.569611151278496,-1.89204310071064,-2.9799329282042875
2.182886025517358,-0.8380306704330742,0.24581190438275513
4.5899780976223,1.600762298391592,2.041950827046069
1.527396268347606,1.270561116779545,3.7562178902134455
-1.3178920227383895,-2.736295567759921,-1.8259691803220166
1.330518061668097,2.846349620055694,-3.5960136763802963
-2.3828122982201827,-3.4920441081614504,1.3059438988633048
3.268591219805666,3.2512006632234485,-4.574274671159034
1.4214222679208497,-1.665076054226394,-4.8142551358567705
-3.294897048437999,3.341206004980828,-4.2430413833460126
1.4920172218044234,-3.731802629442158,1.5105384854235426
3.8535068896770106,-0.06313288975922049,-1.2634811735156717
-4.483531684505289,4.4025550724540725,-4.391812294892208
-2.1911851999386145,0.9110671676580617,1.3510948656193662
0.8183617728687134,-0.04120406205276517,2.7949836500077634
-2.6844062207878707,4.268138343492478,1.1156267642906483
-4.255413201756987,1.945087969140756,-2.080256671438274
0.015636557546885754,3.8278625759202924,-1.7321191876415067
3.395111941590617,-3.2609919733221227,-0.5795095401497683
0.0920707633148119,-4.944383290115947,-4.744178684026341
0.01056994843297332,2.2496917952748667,1.167619107322171
2.161080247221964,-2.665245203431983,4.927856166508871
-0.3288102167069207,3.4037592117159203,3.7667744379933428
-4.995248904776195,-1.9429143192148612,-0.08321799003733865
4.0123790543633024,2.0380272865120483,-0.5248911278523423
-4.369838549884562,-0.2826962402851505,-4.718195841299372
-0.7112227385853531,-0.3538103343448187,-1.6160185986461126
-0.6584867140950195,2.200097535570512,1.3306982073910163
0.83404628609106,1.5231841330577156,-0.45711482931744296
2.966810835329497,4.569391539011793,3.3964897779625876
0.6891720838639772,-0.7454472215219852,4.196808187518263
-2.3841979700062588,3.5737852119692253,-0.27292047540015396
0.4160933602279311,0.5676693071477761,-4.802417945126023
-0.486927565556484,-2.2665484053283413,-1.5448942328201443
-2.1357049299254562,-4.291078871744563,4.519450803694914
-1.395763680088872,-0.3892955334908965,0.7284889490862954
-1.2609779188326486,4.311769658295308,-0.7174049322030998
4.693479160237674,-4.600955666998791,-4.326625742368051
-0.993223931858215,-3.3191867446639733,2.3803542549085
3.2950531167869404,4.383447849417994,3.375027722451522
2.5701824726207416,0.8648291620396575,-4.421616347388259
4.162537443875703,-1.6117053239311385,0.8410148061748446
1.8174418471680092,-2.166167106026131,4.872955206390312
0.1235626001554806,1.981286896797526,-1.2626661603014169
-1.993876780375925,-0.5418053343612108,-1.4976585536001865
-4.842610042381019,3.6366901778812597,-0.44441159430033217
-0.19563593963746317,-3.593480263268678,-1.8633283156063385
1.3305570905754145,-4.843827647075414,-2.380078054918686
1.0474527129552156,4.289775532522226,4.840468205516435
-4.486079603766806,-3.800671210178179,0.43865964565759263
-2.0268339370603714,4.120778956987742,3.1164307327092757
4.868202994640674,4.485062134713585,-4.668072948961003
-0.5109933450087212,3.639422969928992,3.80861243205214
-3.4228387204351396,-1.480846398649681,-4.093932940359486
4.670694361576722,-1.5302315785367613,-1.0503760536278395
-1.247922838174035,-2.431465480604449,-3.8233262056605777
4.678543132136319,-1.6010393296754466,4.177753347274098
1.9445672705529748,-1.5938572982064025,-1.0829183594130223
-1.0853854416872166,0.6323359061048928,-0.7988693566612373
0.24646178347869174,-3.9584649965276353,-3.4205787009511646
-1.3499494491868171,-0.6071387876304568,2.0796580319044464
1.253693122617224,2.4880956155041503,-4.3896346522137115
0.060241478889957456,1.5349281966979955,-3.3381582071657867
2.7575875013784215,0.3458459088245558,-0.8907053933453195
0.15022728884301895,-3.7276713315713828,-0.3086361167258689
3.4093397533996033,-0.4442587101830391,1.6790674860243673
3.8339554427673637,4.883245304737333,1.2475556225017428
0.6165438288365355,0.6329723369567573,1.5373660882013143
-1.6602851466561628,2.063169605880942,1.1462558946874637
-2.7073467595406706,4.980622403426249,0.9508088602705502
2.219215592498233,-0.46179933056732914,0.9492683796257602
-2.940036624537167,1.3767493939911182,0.8061695604554444
2.6929060674923377,-4.258359292850255,-2.49573916400597
-4.589485061060624,3.0972399494692926,4.883627611337417
0.4208631368284639,2.5771804538683707,3.153706225207724
